{
  "project_info": {
    "project_number": "49721343830",
    "project_id": "assignment-ef1d3",
    "storage_bucket": "assignment-ef1d3.firebasestorage.app"
  },
  "client": [
    {
      "client_info": {
        "mobilesdk_app_id": "1:49721343830:android:15f8b1df78c1c09aeee0f7",
        "android_client_info": {
          "package_name": "com.example.ass_3_5"
        }
      },
      "oauth_client": [],
      "api_key": [
        {
          "current_key": "AIzaSyBDOvimcqkC__8YeSp5T4jQo-CDuZkAA7o"
        }
      ],
      "services": {
        "appinvite_service": {
          "other_platform_oauth_client": []
        }
      }
    }
  ],
  "configuration_version": "1"
}